n_samples,mean_ratio,median_ratio,std_ratio,corr_px_real,pond_id,lobster_size
22,1.6173106803979003,1.1425257166186888,2.186900605764369,0.3662680747422474,GX010191,big
17,11.050605115688379,0.6669029806452131,27.612502665782397,0.008774396530579967,GX010191,small
1,0.8611995260810739,0.8611995260810739,,,GX010192,big
1,0.7308334824173569,0.7308334824173569,,,GX010192,small
2,8.425465348473569,8.425465348473569,0.509413607714809,1.0,GX010193,big
4,0.7468539531414076,0.5575940994289006,0.7304423766314867,0.9031492699204896,GX010193,small
4,1.286480892960554,1.2120279397584377,0.3048437706138938,0.9487117277289663,GX010194,small
