pond_id,n_samples,mean_ratio,median_ratio,std_ratio,corr_px_real
GX010191,39,5.72925953680657,1.0421027503345817,18.60461247900687,0.27646426846100175
GX010192,2,0.7960165042492153,0.7960165042492153,0.0921827135110758,-1.0
GX010193,6,3.3063910849187947,1.3166572633740317,4.011855041444761,0.733685064508014
GX010194,4,1.286480892960554,1.2120279397584377,0.3048437706138938,0.9487117277289663
