pond_id,n_samples,mean_ratio,median_ratio,std_ratio,corr_px_real
GX010191,35,1.0419286387154985,1.0132615465000796,0.6826891074650635,0.4907439745599757
GX010192,2,0.7960165042492153,0.7960165042492153,0.0921827135110758,-1.0
GX010193,4,0.7468539531414076,0.5575940994289006,0.7304423766314867,0.9031492699204896
GX010194,4,1.286480892960554,1.2120279397584377,0.3048437706138938,0.9487117277289663
