n_samples,mean_ratio,median_ratio,std_ratio,corr_px_real,pond_id,lobster_size
21,1.1723805875702593,1.0815917175975667,0.6698660919420558,0.5969183243047577,GX010191,big
14,0.8462507154333573,0.5936325576723918,0.6781393517601849,0.4164032807712073,GX010191,small
1,0.8611995260810739,0.8611995260810739,,,GX010192,big
1,0.7308334824173569,0.7308334824173569,,,GX010192,small
4,0.7468539531414076,0.5575940994289006,0.7304423766314867,0.9031492699204896,GX010193,small
4,1.286480892960554,1.2120279397584377,0.3048437706138938,0.9487117277289663,GX010194,small
